Nr,Titlu Blog,Keyword Principal,Volum Estimat,Prioritate,Tip Articol,Canibalizare existenta,Buton CTA principal
51,Ce este bumbacul: ghid simplu pentru haine de zi cu zi,ce este bumbacul,100-1K,RIDICATA,Definitie + ghid materiale,NU - intent informational,Tricouri Barbati
52,"Bumbac in haine: avantaje, limite si cand il alegi",bumbac haine,100-1K,RIDICATA,Ghid materiale,NU - unghi editorial distinct,Tricouri Barbati
53,"Cum se comporta bumbacul la purtare, spalare si uscare",bumbac spalare,100-1K,RIDICATA,Ghid ingrijire,NU - unghi editorial distinct,Tricouri Barbati
54,Bumbac vara: cand este potrivit materialul si cand alegi altceva,bumbac vara,100-1K,RIDICATA,Ghid sezonier,NU - unghi editorial distinct,Tricouri Barbati
55,"Bumbac iarna: confort, stratificare si limite reale",bumbac iarna,100-1K,RIDICATA,Ghid sezonier,NU - unghi editorial distinct,Tricouri Barbati
56,Ce este bumbacul organic: ghid simplu pentru haine de zi cu zi,ce este bumbacul organic,100-1K,RIDICATA,Definitie + ghid materiale,NU - intent informational,Tricouri Barbati
57,"Bumbac organic in haine: avantaje, limite si cand il alegi",bumbac organic haine,100-1K,RIDICATA,Ghid materiale,NU - unghi editorial distinct,Tricouri Barbati
58,"Cum se comporta bumbacul organic la purtare, spalare si uscare",bumbac organic spalare,100-1K,RIDICATA,Ghid ingrijire,NU - unghi editorial distinct,Tricouri Barbati
59,Bumbac organic vara: cand este potrivit materialul si cand alegi altceva,bumbac organic vara,100-1K,RIDICATA,Ghid sezonier,NU - unghi editorial distinct,Tricouri Barbati
60,"Bumbac organic iarna: confort, stratificare si limite reale",bumbac organic iarna,100-1K,RIDICATA,Ghid sezonier,NU - unghi editorial distinct,Tricouri Barbati
61,Ce este poliesterul: ghid simplu pentru haine de zi cu zi,ce este poliesterul,100-1K,RIDICATA,Definitie + ghid materiale,NU - intent informational,Toate categoriile
62,"Poliester in haine: avantaje, limite si cand il alegi",poliester haine,100-1K,RIDICATA,Ghid materiale,NU - unghi editorial distinct,Toate categoriile
63,"Cum se comporta poliesterul la purtare, spalare si uscare",poliester spalare,100-1K,RIDICATA,Ghid ingrijire,NU - unghi editorial distinct,Toate categoriile
64,Poliester vara: cand este potrivit materialul si cand alegi altceva,poliester vara,100-1K,RIDICATA,Ghid sezonier,NU - unghi editorial distinct,Toate categoriile
65,"Poliester iarna: confort, stratificare si limite reale",poliester iarna,100-1K,RIDICATA,Ghid sezonier,NU - unghi editorial distinct,Toate categoriile
66,Ce este elastanul: ghid simplu pentru haine de zi cu zi,ce este elastanul,10-100,RIDICATA,Definitie + ghid materiale,NU - intent informational,Toate categoriile
67,"Elastan in haine: avantaje, limite si cand il alegi",elastan haine,10-100,RIDICATA,Ghid materiale,NU - unghi editorial distinct,Toate categoriile
68,"Cum se comporta elastanul la purtare, spalare si uscare",elastan spalare,10-100,RIDICATA,Ghid ingrijire,NU - unghi editorial distinct,Toate categoriile
69,Elastan vara: cand este potrivit materialul si cand alegi altceva,elastan vara,10-100,RIDICATA,Ghid sezonier,NU - unghi editorial distinct,Toate categoriile
70,"Elastan iarna: confort, stratificare si limite reale",elastan iarna,10-100,RIDICATA,Ghid sezonier,NU - unghi editorial distinct,Toate categoriile
71,Ce este inul: ghid simplu pentru haine de zi cu zi,ce este inul,10-100,RIDICATA,Definitie + ghid materiale,NU - intent informational,Pantaloni Barbati
72,"In in haine: avantaje, limite si cand il alegi",in haine,10-100,RIDICATA,Ghid materiale,NU - unghi editorial distinct,Pantaloni Barbati
73,"Cum se comporta inul la purtare, spalare si uscare",in spalare,10-100,RIDICATA,Ghid ingrijire,NU - unghi editorial distinct,Pantaloni Barbati
74,In vara: cand este potrivit materialul si cand alegi altceva,in vara,10-100,RIDICATA,Ghid sezonier,NU - unghi editorial distinct,Pantaloni Barbati
75,"In iarna: confort, stratificare si limite reale",in iarna,10-100,RIDICATA,Ghid sezonier,NU - unghi editorial distinct,Pantaloni Barbati
76,Ce este vascoza: ghid simplu pentru haine de zi cu zi,ce este vascoza,10-100,RIDICATA,Definitie + ghid materiale,NU - intent informational,Toate categoriile
77,"Vascoza in haine: avantaje, limite si cand il alegi",vascoza haine,10-100,RIDICATA,Ghid materiale,NU - unghi editorial distinct,Toate categoriile
78,"Cum se comporta vascoza la purtare, spalare si uscare",vascoza spalare,10-100,RIDICATA,Ghid ingrijire,NU - unghi editorial distinct,Toate categoriile
79,Vascoza vara: cand este potrivit materialul si cand alegi altceva,vascoza vara,10-100,RIDICATA,Ghid sezonier,NU - unghi editorial distinct,Toate categoriile
80,"Vascoza iarna: confort, stratificare si limite reale",vascoza iarna,10-100,RIDICATA,Ghid sezonier,NU - unghi editorial distinct,Toate categoriile
81,Ce este modalul: ghid simplu pentru haine de zi cu zi,ce este modalul,10-100,RIDICATA,Definitie + ghid materiale,NU - intent informational,Tricouri Barbati
82,"Modal in haine: avantaje, limite si cand il alegi",modal haine,10-100,RIDICATA,Ghid materiale,NU - unghi editorial distinct,Tricouri Barbati
83,"Cum se comporta modalul la purtare, spalare si uscare",modal spalare,10-100,RIDICATA,Ghid ingrijire,NU - unghi editorial distinct,Tricouri Barbati
84,Modal vara: cand este potrivit materialul si cand alegi altceva,modal vara,10-100,RIDICATA,Ghid sezonier,NU - unghi editorial distinct,Tricouri Barbati
85,"Modal iarna: confort, stratificare si limite reale",modal iarna,10-100,RIDICATA,Ghid sezonier,NU - unghi editorial distinct,Tricouri Barbati
86,Ce este lyocellul: ghid simplu pentru haine de zi cu zi,ce este lyocellul,10-100,RIDICATA,Definitie + ghid materiale,NU - intent informational,Toate categoriile
87,"Lyocell in haine: avantaje, limite si cand il alegi",lyocell haine,10-100,RIDICATA,Ghid materiale,NU - unghi editorial distinct,Toate categoriile
88,"Cum se comporta lyocellul la purtare, spalare si uscare",lyocell spalare,10-100,RIDICATA,Ghid ingrijire,NU - unghi editorial distinct,Toate categoriile
89,Lyocell vara: cand este potrivit materialul si cand alegi altceva,lyocell vara,10-100,RIDICATA,Ghid sezonier,NU - unghi editorial distinct,Toate categoriile
90,"Lyocell iarna: confort, stratificare si limite reale",lyocell iarna,10-100,RIDICATA,Ghid sezonier,NU - unghi editorial distinct,Toate categoriile
91,Ce este denimul: ghid simplu pentru haine de zi cu zi,ce este denimul,10-100,RIDICATA,Definitie + ghid materiale,NU - intent informational,Pantaloni Barbati
92,"Denim in haine: avantaje, limite si cand il alegi",denim haine,10-100,RIDICATA,Ghid materiale,NU - unghi editorial distinct,Pantaloni Barbati
93,"Cum se comporta denimul la purtare, spalare si uscare",denim spalare,10-100,RIDICATA,Ghid ingrijire,NU - unghi editorial distinct,Pantaloni Barbati
94,Denim vara: cand este potrivit materialul si cand alegi altceva,denim vara,10-100,RIDICATA,Ghid sezonier,NU - unghi editorial distinct,Pantaloni Barbati
95,"Denim iarna: confort, stratificare si limite reale",denim iarna,10-100,RIDICATA,Ghid sezonier,NU - unghi editorial distinct,Pantaloni Barbati
96,Ce este jerseyul: ghid simplu pentru haine de zi cu zi,ce este jerseyul,10-100,RIDICATA,Definitie + ghid materiale,NU - intent informational,Tricouri Barbati
97,"Jersey in haine: avantaje, limite si cand il alegi",jersey haine,10-100,RIDICATA,Ghid materiale,NU - unghi editorial distinct,Tricouri Barbati
98,"Cum se comporta jerseyul la purtare, spalare si uscare",jersey spalare,10-100,RIDICATA,Ghid ingrijire,NU - unghi editorial distinct,Tricouri Barbati
99,Jersey vara: cand este potrivit materialul si cand alegi altceva,jersey vara,10-100,RIDICATA,Ghid sezonier,NU - unghi editorial distinct,Tricouri Barbati
100,"Jersey iarna: confort, stratificare si limite reale",jersey iarna,10-100,RIDICATA,Ghid sezonier,NU - unghi editorial distinct,Tricouri Barbati
101,Ce este french terry: ghid simplu pentru haine de zi cu zi,ce este french terry,10-100,RIDICATA,Definitie + ghid materiale,NU - intent informational,Hanorace Barbati
102,"French terry in haine: avantaje, limite si cand il alegi",french terry haine,10-100,RIDICATA,Ghid materiale,NU - unghi editorial distinct,Hanorace Barbati
103,"Cum se comporta french terry la purtare, spalare si uscare",french terry spalare,10-100,RIDICATA,Ghid ingrijire,NU - unghi editorial distinct,Hanorace Barbati
104,French terry vara: cand este potrivit materialul si cand alegi altceva,french terry vara,10-100,RIDICATA,Ghid sezonier,NU - unghi editorial distinct,Hanorace Barbati
105,"French terry iarna: confort, stratificare si limite reale",french terry iarna,10-100,RIDICATA,Ghid sezonier,NU - unghi editorial distinct,Hanorace Barbati
106,Ce este fleece-ul: ghid simplu pentru haine de zi cu zi,ce este fleece-ul,10-100,RIDICATA,Definitie + ghid materiale,NU - intent informational,Hanorace Barbati
107,"Fleece in haine: avantaje, limite si cand il alegi",fleece haine,10-100,RIDICATA,Ghid materiale,NU - unghi editorial distinct,Hanorace Barbati
108,"Cum se comporta fleece-ul la purtare, spalare si uscare",fleece spalare,10-100,RIDICATA,Ghid ingrijire,NU - unghi editorial distinct,Hanorace Barbati
109,Fleece vara: cand este potrivit materialul si cand alegi altceva,fleece vara,10-100,RIDICATA,Ghid sezonier,NU - unghi editorial distinct,Hanorace Barbati
110,"Fleece iarna: confort, stratificare si limite reale",fleece iarna,10-100,RIDICATA,Ghid sezonier,NU - unghi editorial distinct,Hanorace Barbati
111,Ce este tricotul: ghid simplu pentru haine de zi cu zi,ce este tricotul,10-100,RIDICATA,Definitie + ghid materiale,NU - intent informational,Toate categoriile
112,"Tricot in haine: avantaje, limite si cand il alegi",tricot haine,10-100,RIDICATA,Ghid materiale,NU - unghi editorial distinct,Toate categoriile
113,"Cum se comporta tricotul la purtare, spalare si uscare",tricot spalare,10-100,RIDICATA,Ghid ingrijire,NU - unghi editorial distinct,Toate categoriile
114,Tricot vara: cand este potrivit materialul si cand alegi altceva,tricot vara,10-100,RIDICATA,Ghid sezonier,NU - unghi editorial distinct,Toate categoriile
115,"Tricot iarna: confort, stratificare si limite reale",tricot iarna,10-100,RIDICATA,Ghid sezonier,NU - unghi editorial distinct,Toate categoriile
116,Ce este twillul: ghid simplu pentru haine de zi cu zi,ce este twillul,10-100,RIDICATA,Definitie + ghid materiale,NU - intent informational,Pantaloni Barbati
117,"Twill in haine: avantaje, limite si cand il alegi",twill haine,10-100,RIDICATA,Ghid materiale,NU - unghi editorial distinct,Pantaloni Barbati
118,"Cum se comporta twillul la purtare, spalare si uscare",twill spalare,10-100,RIDICATA,Ghid ingrijire,NU - unghi editorial distinct,Pantaloni Barbati
119,Twill vara: cand este potrivit materialul si cand alegi altceva,twill vara,10-100,RIDICATA,Ghid sezonier,NU - unghi editorial distinct,Pantaloni Barbati
120,"Twill iarna: confort, stratificare si limite reale",twill iarna,10-100,RIDICATA,Ghid sezonier,NU - unghi editorial distinct,Pantaloni Barbati
121,Ce este poplinul: ghid simplu pentru haine de zi cu zi,ce este poplinul,10-100,RIDICATA,Definitie + ghid materiale,NU - intent informational,Toate categoriile
122,"Poplin in haine: avantaje, limite si cand il alegi",poplin haine,10-100,RIDICATA,Ghid materiale,NU - unghi editorial distinct,Toate categoriile
123,"Cum se comporta poplinul la purtare, spalare si uscare",poplin spalare,10-100,RIDICATA,Ghid ingrijire,NU - unghi editorial distinct,Toate categoriile
124,Poplin vara: cand este potrivit materialul si cand alegi altceva,poplin vara,10-100,RIDICATA,Ghid sezonier,NU - unghi editorial distinct,Toate categoriile
125,"Poplin iarna: confort, stratificare si limite reale",poplin iarna,10-100,RIDICATA,Ghid sezonier,NU - unghi editorial distinct,Toate categoriile
126,Ce este pique-ul: ghid simplu pentru haine de zi cu zi,ce este pique-ul,10-100,RIDICATA,Definitie + ghid materiale,NU - intent informational,Tricouri Barbati
127,"Pique in haine: avantaje, limite si cand il alegi",pique haine,10-100,RIDICATA,Ghid materiale,NU - unghi editorial distinct,Tricouri Barbati
128,"Cum se comporta pique-ul la purtare, spalare si uscare",pique spalare,10-100,RIDICATA,Ghid ingrijire,NU - unghi editorial distinct,Tricouri Barbati
129,Pique vara: cand este potrivit materialul si cand alegi altceva,pique vara,10-100,RIDICATA,Ghid sezonier,NU - unghi editorial distinct,Tricouri Barbati
130,"Pique iarna: confort, stratificare si limite reale",pique iarna,10-100,RIDICATA,Ghid sezonier,NU - unghi editorial distinct,Tricouri Barbati
131,Ce este mesh-ul: ghid simplu pentru haine de zi cu zi,ce este mesh-ul,10-100,MEDIE,Definitie + ghid materiale,NU - intent informational,Tricouri Barbati
132,"Mesh in haine: avantaje, limite si cand il alegi",mesh haine,10-100,MEDIE,Ghid materiale,NU - unghi editorial distinct,Tricouri Barbati
133,"Cum se comporta mesh-ul la purtare, spalare si uscare",mesh spalare,10-100,MEDIE,Ghid ingrijire,NU - unghi editorial distinct,Tricouri Barbati
134,Mesh vara: cand este potrivit materialul si cand alegi altceva,mesh vara,10-100,MEDIE,Ghid sezonier,NU - unghi editorial distinct,Tricouri Barbati
135,"Mesh iarna: confort, stratificare si limite reale",mesh iarna,10-100,MEDIE,Ghid sezonier,NU - unghi editorial distinct,Tricouri Barbati
136,Ce este ripstopul: ghid simplu pentru haine de zi cu zi,ce este ripstopul,10-100,MEDIE,Definitie + ghid materiale,NU - intent informational,Pantaloni Barbati
137,"Ripstop in haine: avantaje, limite si cand il alegi",ripstop haine,10-100,MEDIE,Ghid materiale,NU - unghi editorial distinct,Pantaloni Barbati
138,"Cum se comporta ripstopul la purtare, spalare si uscare",ripstop spalare,10-100,MEDIE,Ghid ingrijire,NU - unghi editorial distinct,Pantaloni Barbati
139,Ripstop vara: cand este potrivit materialul si cand alegi altceva,ripstop vara,10-100,MEDIE,Ghid sezonier,NU - unghi editorial distinct,Pantaloni Barbati
140,"Ripstop iarna: confort, stratificare si limite reale",ripstop iarna,10-100,MEDIE,Ghid sezonier,NU - unghi editorial distinct,Pantaloni Barbati
141,Ce este nailonul: ghid simplu pentru haine de zi cu zi,ce este nailonul,10-100,MEDIE,Definitie + ghid materiale,NU - intent informational,Toate categoriile
142,"Nailon in haine: avantaje, limite si cand il alegi",nailon haine,10-100,MEDIE,Ghid materiale,NU - unghi editorial distinct,Toate categoriile
143,"Cum se comporta nailonul la purtare, spalare si uscare",nailon spalare,10-100,MEDIE,Ghid ingrijire,NU - unghi editorial distinct,Toate categoriile
144,Nailon vara: cand este potrivit materialul si cand alegi altceva,nailon vara,10-100,MEDIE,Ghid sezonier,NU - unghi editorial distinct,Toate categoriile
145,"Nailon iarna: confort, stratificare si limite reale",nailon iarna,10-100,MEDIE,Ghid sezonier,NU - unghi editorial distinct,Toate categoriile
146,Ce este poliamida: ghid simplu pentru haine de zi cu zi,ce este poliamida,10-100,MEDIE,Definitie + ghid materiale,NU - intent informational,Toate categoriile
147,"Poliamida in haine: avantaje, limite si cand il alegi",poliamida haine,10-100,MEDIE,Ghid materiale,NU - unghi editorial distinct,Toate categoriile
148,"Cum se comporta poliamida la purtare, spalare si uscare",poliamida spalare,10-100,MEDIE,Ghid ingrijire,NU - unghi editorial distinct,Toate categoriile
149,Poliamida vara: cand este potrivit materialul si cand alegi altceva,poliamida vara,10-100,MEDIE,Ghid sezonier,NU - unghi editorial distinct,Toate categoriile
150,"Poliamida iarna: confort, stratificare si limite reale",poliamida iarna,10-100,MEDIE,Ghid sezonier,NU - unghi editorial distinct,Toate categoriile
151,Ce este lana: ghid simplu pentru haine de zi cu zi,ce este lana,10-100,MEDIE,Definitie + ghid materiale,NU - intent informational,Toate categoriile
152,"Lana in haine: avantaje, limite si cand il alegi",lana haine,10-100,MEDIE,Ghid materiale,NU - unghi editorial distinct,Toate categoriile
153,"Cum se comporta lana la purtare, spalare si uscare",lana spalare,10-100,MEDIE,Ghid ingrijire,NU - unghi editorial distinct,Toate categoriile
154,Lana vara: cand este potrivit materialul si cand alegi altceva,lana vara,10-100,MEDIE,Ghid sezonier,NU - unghi editorial distinct,Toate categoriile
155,"Lana iarna: confort, stratificare si limite reale",lana iarna,10-100,MEDIE,Ghid sezonier,NU - unghi editorial distinct,Toate categoriile
156,Ce este acrilul: ghid simplu pentru haine de zi cu zi,ce este acrilul,10-100,MEDIE,Definitie + ghid materiale,NU - intent informational,Toate categoriile
157,"Acril in haine: avantaje, limite si cand il alegi",acril haine,10-100,MEDIE,Ghid materiale,NU - unghi editorial distinct,Toate categoriile
158,"Cum se comporta acrilul la purtare, spalare si uscare",acril spalare,10-100,MEDIE,Ghid ingrijire,NU - unghi editorial distinct,Toate categoriile
159,Acril vara: cand este potrivit materialul si cand alegi altceva,acril vara,10-100,MEDIE,Ghid sezonier,NU - unghi editorial distinct,Toate categoriile
160,"Acril iarna: confort, stratificare si limite reale",acril iarna,10-100,MEDIE,Ghid sezonier,NU - unghi editorial distinct,Toate categoriile
161,Ce este bumbacul reciclat: ghid simplu pentru haine de zi cu zi,ce este bumbacul reciclat,100-1K,RIDICATA,Definitie + ghid materiale,NU - intent informational,Toate categoriile
162,"Bumbac reciclat in haine: avantaje, limite si cand il alegi",bumbac reciclat haine,100-1K,RIDICATA,Ghid materiale,NU - unghi editorial distinct,Toate categoriile
163,"Cum se comporta bumbacul reciclat la purtare, spalare si uscare",bumbac reciclat spalare,100-1K,RIDICATA,Ghid ingrijire,NU - unghi editorial distinct,Toate categoriile
164,Bumbac reciclat vara: cand este potrivit materialul si cand alegi altceva,bumbac reciclat vara,100-1K,RIDICATA,Ghid sezonier,NU - unghi editorial distinct,Toate categoriile
165,"Bumbac reciclat iarna: confort, stratificare si limite reale",bumbac reciclat iarna,100-1K,RIDICATA,Ghid sezonier,NU - unghi editorial distinct,Toate categoriile
166,Ce este poliesterul reciclat: ghid simplu pentru haine de zi cu zi,ce este poliesterul reciclat,100-1K,RIDICATA,Definitie + ghid materiale,NU - intent informational,Toate categoriile
167,"Poliester reciclat in haine: avantaje, limite si cand il alegi",poliester reciclat haine,100-1K,RIDICATA,Ghid materiale,NU - unghi editorial distinct,Toate categoriile
168,"Cum se comporta poliesterul reciclat la purtare, spalare si uscare",poliester reciclat spalare,100-1K,RIDICATA,Ghid ingrijire,NU - unghi editorial distinct,Toate categoriile
169,Poliester reciclat vara: cand este potrivit materialul si cand alegi altceva,poliester reciclat vara,100-1K,RIDICATA,Ghid sezonier,NU - unghi editorial distinct,Toate categoriile
170,"Poliester reciclat iarna: confort, stratificare si limite reale",poliester reciclat iarna,100-1K,RIDICATA,Ghid sezonier,NU - unghi editorial distinct,Toate categoriile
171,Ce este canepa: ghid simplu pentru haine de zi cu zi,ce este canepa,10-100,MEDIE,Definitie + ghid materiale,NU - intent informational,Toate categoriile
172,"Canepa in haine: avantaje, limite si cand il alegi",canepa haine,10-100,MEDIE,Ghid materiale,NU - unghi editorial distinct,Toate categoriile
173,"Cum se comporta canepa la purtare, spalare si uscare",canepa spalare,10-100,MEDIE,Ghid ingrijire,NU - unghi editorial distinct,Toate categoriile
174,Canepa vara: cand este potrivit materialul si cand alegi altceva,canepa vara,10-100,MEDIE,Ghid sezonier,NU - unghi editorial distinct,Toate categoriile
175,"Canepa iarna: confort, stratificare si limite reale",canepa iarna,10-100,MEDIE,Ghid sezonier,NU - unghi editorial distinct,Toate categoriile
176,Tricou din bumbac: cand merita ales,tricou din bumbac,100-1K,RIDICATA,Ghid material + produs,NU - unghi editorial distinct,Tricouri Barbati
177,Tricou din bumbac organic: cand merita ales,tricou din bumbac organic,100-1K,RIDICATA,Ghid material + produs,NU - unghi editorial distinct,Tricouri Barbati
178,Tricou din poliester: cand merita ales,tricou din poliester,100-1K,RIDICATA,Ghid material + produs,NU - unghi editorial distinct,Tricouri Barbati
179,Tricou din elastan: cand merita ales,tricou din elastan,10-100,RIDICATA,Ghid material + produs,NU - unghi editorial distinct,Tricouri Barbati
180,Tricou din in: cand merita ales,tricou din in,10-100,RIDICATA,Ghid material + produs,NU - unghi editorial distinct,Tricouri Barbati
181,Tricou din vascoza: cand merita ales,tricou din vascoza,10-100,RIDICATA,Ghid material + produs,NU - unghi editorial distinct,Tricouri Barbati
182,Tricou din modal: cand merita ales,tricou din modal,10-100,RIDICATA,Ghid material + produs,NU - unghi editorial distinct,Tricouri Barbati
183,Tricou din lyocell: cand merita ales,tricou din lyocell,10-100,RIDICATA,Ghid material + produs,NU - unghi editorial distinct,Tricouri Barbati
184,Tricou din denim: cand merita ales,tricou din denim,10-100,RIDICATA,Ghid material + produs,NU - unghi editorial distinct,Tricouri Barbati
185,Tricou din jersey: cand merita ales,tricou din jersey,10-100,RIDICATA,Ghid material + produs,NU - unghi editorial distinct,Tricouri Barbati
186,Tricou din french terry: cand merita ales,tricou din french terry,10-100,RIDICATA,Ghid material + produs,NU - unghi editorial distinct,Tricouri Barbati
187,Tricou din fleece: cand merita ales,tricou din fleece,10-100,RIDICATA,Ghid material + produs,NU - unghi editorial distinct,Tricouri Barbati
188,Tricou din tricot: cand merita ales,tricou din tricot,10-100,RIDICATA,Ghid material + produs,NU - unghi editorial distinct,Tricouri Barbati
189,Tricou din twill: cand merita ales,tricou din twill,10-100,RIDICATA,Ghid material + produs,NU - unghi editorial distinct,Tricouri Barbati
190,Tricou din poplin: cand merita ales,tricou din poplin,10-100,RIDICATA,Ghid material + produs,NU - unghi editorial distinct,Tricouri Barbati
191,Tricou din pique: cand merita ales,tricou din pique,10-100,RIDICATA,Ghid material + produs,NU - unghi editorial distinct,Tricouri Barbati
192,Tricou din mesh: cand merita ales,tricou din mesh,10-100,RIDICATA,Ghid material + produs,NU - unghi editorial distinct,Tricouri Barbati
193,Tricou din ripstop: cand merita ales,tricou din ripstop,10-100,RIDICATA,Ghid material + produs,NU - unghi editorial distinct,Tricouri Barbati
194,Tricou din nailon: cand merita ales,tricou din nailon,10-100,RIDICATA,Ghid material + produs,NU - unghi editorial distinct,Tricouri Barbati
195,Tricou din poliamida: cand merita ales,tricou din poliamida,10-100,RIDICATA,Ghid material + produs,NU - unghi editorial distinct,Tricouri Barbati
196,Tricou din lana: cand merita ales,tricou din lana,10-100,RIDICATA,Ghid material + produs,NU - unghi editorial distinct,Tricouri Barbati
197,Tricou din acril: cand merita ales,tricou din acril,10-100,RIDICATA,Ghid material + produs,NU - unghi editorial distinct,Tricouri Barbati
198,Tricou din bumbac reciclat: cand merita ales,tricou din bumbac reciclat,100-1K,RIDICATA,Ghid material + produs,NU - unghi editorial distinct,Tricouri Barbati
199,Tricou din poliester reciclat: cand merita ales,tricou din poliester reciclat,100-1K,RIDICATA,Ghid material + produs,NU - unghi editorial distinct,Tricouri Barbati
200,Tricou din canepa: cand merita ales,tricou din canepa,10-100,RIDICATA,Ghid material + produs,NU - unghi editorial distinct,Tricouri Barbati
201,Tricou oversized din bumbac: cand merita ales,tricou oversized din bumbac,100-1K,RIDICATA,Ghid material + produs,NU - unghi editorial distinct,Tricouri Barbati
202,Tricou oversized din bumbac organic: cand merita ales,tricou oversized din bumbac organic,100-1K,RIDICATA,Ghid material + produs,NU - unghi editorial distinct,Tricouri Barbati
203,Tricou oversized din poliester: cand merita ales,tricou oversized din poliester,100-1K,RIDICATA,Ghid material + produs,NU - unghi editorial distinct,Tricouri Barbati
204,Tricou oversized din elastan: cand merita ales,tricou oversized din elastan,100-1K,RIDICATA,Ghid material + produs,NU - unghi editorial distinct,Tricouri Barbati
205,Tricou oversized din in: cand merita ales,tricou oversized din in,100-1K,RIDICATA,Ghid material + produs,NU - unghi editorial distinct,Tricouri Barbati
206,Tricou oversized din vascoza: cand merita ales,tricou oversized din vascoza,100-1K,RIDICATA,Ghid material + produs,NU - unghi editorial distinct,Tricouri Barbati
207,Tricou oversized din modal: cand merita ales,tricou oversized din modal,100-1K,RIDICATA,Ghid material + produs,NU - unghi editorial distinct,Tricouri Barbati
208,Tricou oversized din lyocell: cand merita ales,tricou oversized din lyocell,100-1K,RIDICATA,Ghid material + produs,NU - unghi editorial distinct,Tricouri Barbati
209,Tricou oversized din denim: cand merita ales,tricou oversized din denim,100-1K,RIDICATA,Ghid material + produs,NU - unghi editorial distinct,Tricouri Barbati
210,Tricou oversized din jersey: cand merita ales,tricou oversized din jersey,100-1K,RIDICATA,Ghid material + produs,NU - unghi editorial distinct,Tricouri Barbati
211,Tricou oversized din french terry: cand merita ales,tricou oversized din french terry,100-1K,RIDICATA,Ghid material + produs,NU - unghi editorial distinct,Tricouri Barbati
212,Tricou oversized din fleece: cand merita ales,tricou oversized din fleece,100-1K,RIDICATA,Ghid material + produs,NU - unghi editorial distinct,Tricouri Barbati
213,Tricou oversized din tricot: cand merita ales,tricou oversized din tricot,100-1K,RIDICATA,Ghid material + produs,NU - unghi editorial distinct,Tricouri Barbati
214,Tricou oversized din twill: cand merita ales,tricou oversized din twill,100-1K,RIDICATA,Ghid material + produs,NU - unghi editorial distinct,Tricouri Barbati
215,Tricou oversized din poplin: cand merita ales,tricou oversized din poplin,100-1K,RIDICATA,Ghid material + produs,NU - unghi editorial distinct,Tricouri Barbati
216,Tricou oversized din pique: cand merita ales,tricou oversized din pique,100-1K,RIDICATA,Ghid material + produs,NU - unghi editorial distinct,Tricouri Barbati
217,Tricou oversized din mesh: cand merita ales,tricou oversized din mesh,100-1K,RIDICATA,Ghid material + produs,NU - unghi editorial distinct,Tricouri Barbati
218,Tricou oversized din ripstop: cand merita ales,tricou oversized din ripstop,100-1K,RIDICATA,Ghid material + produs,NU - unghi editorial distinct,Tricouri Barbati
219,Tricou oversized din nailon: cand merita ales,tricou oversized din nailon,100-1K,RIDICATA,Ghid material + produs,NU - unghi editorial distinct,Tricouri Barbati
220,Tricou oversized din poliamida: cand merita ales,tricou oversized din poliamida,100-1K,RIDICATA,Ghid material + produs,NU - unghi editorial distinct,Tricouri Barbati
221,Tricou oversized din lana: cand merita ales,tricou oversized din lana,100-1K,RIDICATA,Ghid material + produs,NU - unghi editorial distinct,Tricouri Barbati
222,Tricou oversized din acril: cand merita ales,tricou oversized din acril,100-1K,RIDICATA,Ghid material + produs,NU - unghi editorial distinct,Tricouri Barbati
223,Tricou oversized din bumbac reciclat: cand merita ales,tricou oversized din bumbac reciclat,100-1K,RIDICATA,Ghid material + produs,NU - unghi editorial distinct,Tricouri Barbati
224,Tricou oversized din poliester reciclat: cand merita ales,tricou oversized din poliester reciclat,100-1K,RIDICATA,Ghid material + produs,NU - unghi editorial distinct,Tricouri Barbati
225,Tricou oversized din canepa: cand merita ales,tricou oversized din canepa,100-1K,RIDICATA,Ghid material + produs,NU - unghi editorial distinct,Tricouri Barbati
226,Tricou basic din bumbac: cand merita ales,tricou basic din bumbac,100-1K,RIDICATA,Ghid material + produs,NU - unghi editorial distinct,Tricouri Barbati
227,Tricou basic din bumbac organic: cand merita ales,tricou basic din bumbac organic,100-1K,RIDICATA,Ghid material + produs,NU - unghi editorial distinct,Tricouri Barbati
228,Tricou basic din poliester: cand merita ales,tricou basic din poliester,100-1K,RIDICATA,Ghid material + produs,NU - unghi editorial distinct,Tricouri Barbati
229,Tricou basic din elastan: cand merita ales,tricou basic din elastan,10-100,RIDICATA,Ghid material + produs,NU - unghi editorial distinct,Tricouri Barbati
230,Tricou basic din in: cand merita ales,tricou basic din in,10-100,RIDICATA,Ghid material + produs,NU - unghi editorial distinct,Tricouri Barbati
231,Tricou basic din vascoza: cand merita ales,tricou basic din vascoza,10-100,RIDICATA,Ghid material + produs,NU - unghi editorial distinct,Tricouri Barbati
232,Tricou basic din modal: cand merita ales,tricou basic din modal,10-100,RIDICATA,Ghid material + produs,NU - unghi editorial distinct,Tricouri Barbati
233,Tricou basic din lyocell: cand merita ales,tricou basic din lyocell,10-100,RIDICATA,Ghid material + produs,NU - unghi editorial distinct,Tricouri Barbati
234,Tricou basic din denim: cand merita ales,tricou basic din denim,10-100,RIDICATA,Ghid material + produs,NU - unghi editorial distinct,Tricouri Barbati
235,Tricou basic din jersey: cand merita ales,tricou basic din jersey,10-100,RIDICATA,Ghid material + produs,NU - unghi editorial distinct,Tricouri Barbati
236,Tricou basic din french terry: cand merita ales,tricou basic din french terry,10-100,RIDICATA,Ghid material + produs,NU - unghi editorial distinct,Tricouri Barbati
237,Tricou basic din fleece: cand merita ales,tricou basic din fleece,10-100,RIDICATA,Ghid material + produs,NU - unghi editorial distinct,Tricouri Barbati
238,Tricou basic din tricot: cand merita ales,tricou basic din tricot,10-100,RIDICATA,Ghid material + produs,NU - unghi editorial distinct,Tricouri Barbati
239,Tricou basic din twill: cand merita ales,tricou basic din twill,10-100,RIDICATA,Ghid material + produs,NU - unghi editorial distinct,Tricouri Barbati
240,Tricou basic din poplin: cand merita ales,tricou basic din poplin,10-100,RIDICATA,Ghid material + produs,NU - unghi editorial distinct,Tricouri Barbati
241,Tricou basic din pique: cand merita ales,tricou basic din pique,10-100,RIDICATA,Ghid material + produs,NU - unghi editorial distinct,Tricouri Barbati
242,Tricou basic din mesh: cand merita ales,tricou basic din mesh,10-100,RIDICATA,Ghid material + produs,NU - unghi editorial distinct,Tricouri Barbati
243,Tricou basic din ripstop: cand merita ales,tricou basic din ripstop,10-100,RIDICATA,Ghid material + produs,NU - unghi editorial distinct,Tricouri Barbati
244,Tricou basic din nailon: cand merita ales,tricou basic din nailon,10-100,RIDICATA,Ghid material + produs,NU - unghi editorial distinct,Tricouri Barbati
245,Tricou basic din poliamida: cand merita ales,tricou basic din poliamida,10-100,RIDICATA,Ghid material + produs,NU - unghi editorial distinct,Tricouri Barbati
246,Tricou basic din lana: cand merita ales,tricou basic din lana,10-100,RIDICATA,Ghid material + produs,NU - unghi editorial distinct,Tricouri Barbati
247,Tricou basic din acril: cand merita ales,tricou basic din acril,10-100,RIDICATA,Ghid material + produs,NU - unghi editorial distinct,Tricouri Barbati
248,Tricou basic din bumbac reciclat: cand merita ales,tricou basic din bumbac reciclat,100-1K,RIDICATA,Ghid material + produs,NU - unghi editorial distinct,Tricouri Barbati
249,Tricou basic din poliester reciclat: cand merita ales,tricou basic din poliester reciclat,100-1K,RIDICATA,Ghid material + produs,NU - unghi editorial distinct,Tricouri Barbati
250,Tricou basic din canepa: cand merita ales,tricou basic din canepa,10-100,RIDICATA,Ghid material + produs,NU - unghi editorial distinct,Tricouri Barbati
251,Tricou polo din bumbac: cand merita ales,tricou polo din bumbac,100-1K,RIDICATA,Ghid material + produs,NU - unghi editorial distinct,Tricouri Barbati
252,Tricou polo din bumbac organic: cand merita ales,tricou polo din bumbac organic,100-1K,RIDICATA,Ghid material + produs,NU - unghi editorial distinct,Tricouri Barbati
253,Tricou polo din poliester: cand merita ales,tricou polo din poliester,100-1K,RIDICATA,Ghid material + produs,NU - unghi editorial distinct,Tricouri Barbati
254,Tricou polo din elastan: cand merita ales,tricou polo din elastan,10-100,RIDICATA,Ghid material + produs,NU - unghi editorial distinct,Tricouri Barbati
255,Tricou polo din in: cand merita ales,tricou polo din in,10-100,RIDICATA,Ghid material + produs,NU - unghi editorial distinct,Tricouri Barbati
256,Tricou polo din vascoza: cand merita ales,tricou polo din vascoza,10-100,RIDICATA,Ghid material + produs,NU - unghi editorial distinct,Tricouri Barbati
257,Tricou polo din modal: cand merita ales,tricou polo din modal,10-100,RIDICATA,Ghid material + produs,NU - unghi editorial distinct,Tricouri Barbati
258,Tricou polo din lyocell: cand merita ales,tricou polo din lyocell,10-100,RIDICATA,Ghid material + produs,NU - unghi editorial distinct,Tricouri Barbati
259,Tricou polo din denim: cand merita ales,tricou polo din denim,10-100,RIDICATA,Ghid material + produs,NU - unghi editorial distinct,Tricouri Barbati
260,Tricou polo din jersey: cand merita ales,tricou polo din jersey,10-100,RIDICATA,Ghid material + produs,NU - unghi editorial distinct,Tricouri Barbati
261,Tricou polo din french terry: cand merita ales,tricou polo din french terry,10-100,RIDICATA,Ghid material + produs,NU - unghi editorial distinct,Tricouri Barbati
262,Tricou polo din fleece: cand merita ales,tricou polo din fleece,10-100,RIDICATA,Ghid material + produs,NU - unghi editorial distinct,Tricouri Barbati
263,Tricou polo din tricot: cand merita ales,tricou polo din tricot,10-100,RIDICATA,Ghid material + produs,NU - unghi editorial distinct,Tricouri Barbati
264,Tricou polo din twill: cand merita ales,tricou polo din twill,10-100,RIDICATA,Ghid material + produs,NU - unghi editorial distinct,Tricouri Barbati
265,Tricou polo din poplin: cand merita ales,tricou polo din poplin,10-100,RIDICATA,Ghid material + produs,NU - unghi editorial distinct,Tricouri Barbati
266,Tricou polo din pique: cand merita ales,tricou polo din pique,10-100,RIDICATA,Ghid material + produs,NU - unghi editorial distinct,Tricouri Barbati
267,Tricou polo din mesh: cand merita ales,tricou polo din mesh,10-100,RIDICATA,Ghid material + produs,NU - unghi editorial distinct,Tricouri Barbati
268,Tricou polo din ripstop: cand merita ales,tricou polo din ripstop,10-100,RIDICATA,Ghid material + produs,NU - unghi editorial distinct,Tricouri Barbati
269,Tricou polo din nailon: cand merita ales,tricou polo din nailon,10-100,RIDICATA,Ghid material + produs,NU - unghi editorial distinct,Tricouri Barbati
270,Tricou polo din poliamida: cand merita ales,tricou polo din poliamida,10-100,RIDICATA,Ghid material + produs,NU - unghi editorial distinct,Tricouri Barbati
271,Tricou polo din lana: cand merita ales,tricou polo din lana,10-100,RIDICATA,Ghid material + produs,NU - unghi editorial distinct,Tricouri Barbati
272,Tricou polo din acril: cand merita ales,tricou polo din acril,10-100,RIDICATA,Ghid material + produs,NU - unghi editorial distinct,Tricouri Barbati
273,Tricou polo din bumbac reciclat: cand merita ales,tricou polo din bumbac reciclat,100-1K,RIDICATA,Ghid material + produs,NU - unghi editorial distinct,Tricouri Barbati
274,Tricou polo din poliester reciclat: cand merita ales,tricou polo din poliester reciclat,100-1K,RIDICATA,Ghid material + produs,NU - unghi editorial distinct,Tricouri Barbati
275,Tricou polo din canepa: cand merita ales,tricou polo din canepa,10-100,RIDICATA,Ghid material + produs,NU - unghi editorial distinct,Tricouri Barbati
276,Pantaloni lungi din bumbac: cand merita ales,pantaloni lungi din bumbac,100-1K,RIDICATA,Ghid material + produs,NU - unghi editorial distinct,Pantaloni Barbati
277,Pantaloni lungi din bumbac organic: cand merita ales,pantaloni lungi din bumbac organic,100-1K,RIDICATA,Ghid material + produs,NU - unghi editorial distinct,Pantaloni Barbati
278,Pantaloni lungi din poliester: cand merita ales,pantaloni lungi din poliester,100-1K,RIDICATA,Ghid material + produs,NU - unghi editorial distinct,Pantaloni Barbati
279,Pantaloni lungi din elastan: cand merita ales,pantaloni lungi din elastan,10-100,MEDIE,Ghid material + produs,NU - unghi editorial distinct,Pantaloni Barbati
280,Pantaloni lungi din in: cand merita ales,pantaloni lungi din in,10-100,MEDIE,Ghid material + produs,NU - unghi editorial distinct,Pantaloni Barbati
281,Pantaloni lungi din vascoza: cand merita ales,pantaloni lungi din vascoza,10-100,LONG-TAIL,Ghid material + produs,NU - unghi editorial distinct,Pantaloni Barbati
282,Pantaloni lungi din modal: cand merita ales,pantaloni lungi din modal,10-100,LONG-TAIL,Ghid material + produs,NU - unghi editorial distinct,Pantaloni Barbati
283,Pantaloni lungi din lyocell: cand merita ales,pantaloni lungi din lyocell,10-100,LONG-TAIL,Ghid material + produs,NU - unghi editorial distinct,Pantaloni Barbati
284,Pantaloni lungi din denim: cand merita ales,pantaloni lungi din denim,10-100,LONG-TAIL,Ghid material + produs,NU - unghi editorial distinct,Pantaloni Barbati
285,Pantaloni lungi din jersey: cand merita ales,pantaloni lungi din jersey,10-100,LONG-TAIL,Ghid material + produs,NU - unghi editorial distinct,Pantaloni Barbati
286,Pantaloni lungi din french terry: cand merita ales,pantaloni lungi din french terry,10-100,LONG-TAIL,Ghid material + produs,NU - unghi editorial distinct,Pantaloni Barbati
287,Pantaloni lungi din fleece: cand merita ales,pantaloni lungi din fleece,10-100,LONG-TAIL,Ghid material + produs,NU - unghi editorial distinct,Pantaloni Barbati
288,Pantaloni lungi din tricot: cand merita ales,pantaloni lungi din tricot,10-100,LONG-TAIL,Ghid material + produs,NU - unghi editorial distinct,Pantaloni Barbati
289,Pantaloni lungi din twill: cand merita ales,pantaloni lungi din twill,10-100,LONG-TAIL,Ghid material + produs,NU - unghi editorial distinct,Pantaloni Barbati
290,Pantaloni lungi din poplin: cand merita ales,pantaloni lungi din poplin,10-100,LONG-TAIL,Ghid material + produs,NU - unghi editorial distinct,Pantaloni Barbati
291,Pantaloni lungi din pique: cand merita ales,pantaloni lungi din pique,10-100,LONG-TAIL,Ghid material + produs,NU - unghi editorial distinct,Pantaloni Barbati
292,Pantaloni lungi din mesh: cand merita ales,pantaloni lungi din mesh,10-100,LONG-TAIL,Ghid material + produs,NU - unghi editorial distinct,Pantaloni Barbati
293,Pantaloni lungi din ripstop: cand merita ales,pantaloni lungi din ripstop,10-100,LONG-TAIL,Ghid material + produs,NU - unghi editorial distinct,Pantaloni Barbati
294,Pantaloni lungi din nailon: cand merita ales,pantaloni lungi din nailon,10-100,LONG-TAIL,Ghid material + produs,NU - unghi editorial distinct,Pantaloni Barbati
295,Pantaloni lungi din poliamida: cand merita ales,pantaloni lungi din poliamida,10-100,LONG-TAIL,Ghid material + produs,NU - unghi editorial distinct,Pantaloni Barbati
296,Pantaloni lungi din lana: cand merita ales,pantaloni lungi din lana,10-100,LONG-TAIL,Ghid material + produs,NU - unghi editorial distinct,Pantaloni Barbati
297,Pantaloni lungi din acril: cand merita ales,pantaloni lungi din acril,10-100,LONG-TAIL,Ghid material + produs,NU - unghi editorial distinct,Pantaloni Barbati
298,Pantaloni lungi din bumbac reciclat: cand merita ales,pantaloni lungi din bumbac reciclat,100-1K,RIDICATA,Ghid material + produs,NU - unghi editorial distinct,Pantaloni Barbati
299,Pantaloni lungi din poliester reciclat: cand merita ales,pantaloni lungi din poliester reciclat,100-1K,RIDICATA,Ghid material + produs,NU - unghi editorial distinct,Pantaloni Barbati
300,Pantaloni lungi din canepa: cand merita ales,pantaloni lungi din canepa,10-100,LONG-TAIL,Ghid material + produs,NU - unghi editorial distinct,Pantaloni Barbati
301,Pantaloni casual din bumbac: cand merita ales,pantaloni casual din bumbac,100-1K,RIDICATA,Ghid material + produs,NU - unghi editorial distinct,Pantaloni Barbati
302,Pantaloni casual din bumbac organic: cand merita ales,pantaloni casual din bumbac organic,100-1K,RIDICATA,Ghid material + produs,NU - unghi editorial distinct,Pantaloni Barbati
303,Pantaloni casual din poliester: cand merita ales,pantaloni casual din poliester,100-1K,RIDICATA,Ghid material + produs,NU - unghi editorial distinct,Pantaloni Barbati
304,Pantaloni casual din elastan: cand merita ales,pantaloni casual din elastan,10-100,LONG-TAIL,Ghid material + produs,NU - unghi editorial distinct,Pantaloni Barbati
305,Pantaloni casual din in: cand merita ales,pantaloni casual din in,10-100,LONG-TAIL,Ghid material + produs,NU - unghi editorial distinct,Pantaloni Barbati
306,Pantaloni casual din vascoza: cand merita ales,pantaloni casual din vascoza,10-100,LONG-TAIL,Ghid material + produs,NU - unghi editorial distinct,Pantaloni Barbati
307,Pantaloni casual din modal: cand merita ales,pantaloni casual din modal,10-100,LONG-TAIL,Ghid material + produs,NU - unghi editorial distinct,Pantaloni Barbati
308,Pantaloni casual din lyocell: cand merita ales,pantaloni casual din lyocell,10-100,LONG-TAIL,Ghid material + produs,NU - unghi editorial distinct,Pantaloni Barbati
309,Pantaloni casual din denim: cand merita ales,pantaloni casual din denim,10-100,LONG-TAIL,Ghid material + produs,NU - unghi editorial distinct,Pantaloni Barbati
310,Pantaloni casual din jersey: cand merita ales,pantaloni casual din jersey,10-100,LONG-TAIL,Ghid material + produs,NU - unghi editorial distinct,Pantaloni Barbati
311,Pantaloni casual din french terry: cand merita ales,pantaloni casual din french terry,10-100,LONG-TAIL,Ghid material + produs,NU - unghi editorial distinct,Pantaloni Barbati
312,Pantaloni casual din fleece: cand merita ales,pantaloni casual din fleece,10-100,LONG-TAIL,Ghid material + produs,NU - unghi editorial distinct,Pantaloni Barbati
313,Pantaloni casual din tricot: cand merita ales,pantaloni casual din tricot,10-100,LONG-TAIL,Ghid material + produs,NU - unghi editorial distinct,Pantaloni Barbati
314,Pantaloni casual din twill: cand merita ales,pantaloni casual din twill,10-100,LONG-TAIL,Ghid material + produs,NU - unghi editorial distinct,Pantaloni Barbati
315,Pantaloni casual din poplin: cand merita ales,pantaloni casual din poplin,10-100,LONG-TAIL,Ghid material + produs,NU - unghi editorial distinct,Pantaloni Barbati
316,Pantaloni casual din pique: cand merita ales,pantaloni casual din pique,10-100,LONG-TAIL,Ghid material + produs,NU - unghi editorial distinct,Pantaloni Barbati
317,Pantaloni casual din mesh: cand merita ales,pantaloni casual din mesh,10-100,LONG-TAIL,Ghid material + produs,NU - unghi editorial distinct,Pantaloni Barbati
318,Pantaloni casual din ripstop: cand merita ales,pantaloni casual din ripstop,10-100,LONG-TAIL,Ghid material + produs,NU - unghi editorial distinct,Pantaloni Barbati
319,Pantaloni casual din nailon: cand merita ales,pantaloni casual din nailon,10-100,LONG-TAIL,Ghid material + produs,NU - unghi editorial distinct,Pantaloni Barbati
320,Pantaloni casual din poliamida: cand merita ales,pantaloni casual din poliamida,10-100,LONG-TAIL,Ghid material + produs,NU - unghi editorial distinct,Pantaloni Barbati
321,Pantaloni casual din lana: cand merita ales,pantaloni casual din lana,10-100,LONG-TAIL,Ghid material + produs,NU - unghi editorial distinct,Pantaloni Barbati
322,Pantaloni casual din acril: cand merita ales,pantaloni casual din acril,10-100,LONG-TAIL,Ghid material + produs,NU - unghi editorial distinct,Pantaloni Barbati
323,Pantaloni casual din bumbac reciclat: cand merita ales,pantaloni casual din bumbac reciclat,100-1K,RIDICATA,Ghid material + produs,NU - unghi editorial distinct,Pantaloni Barbati
324,Pantaloni casual din poliester reciclat: cand merita ales,pantaloni casual din poliester reciclat,100-1K,RIDICATA,Ghid material + produs,NU - unghi editorial distinct,Pantaloni Barbati
325,Pantaloni casual din canepa: cand merita ales,pantaloni casual din canepa,10-100,LONG-TAIL,Ghid material + produs,NU - unghi editorial distinct,Pantaloni Barbati
326,Pantaloni scurti din bumbac: cand merita ales,pantaloni scurti din bumbac,100-1K,RIDICATA,Ghid material + produs,NU - unghi editorial distinct,Pantaloni Scurti Barbati
327,Pantaloni scurti din bumbac organic: cand merita ales,pantaloni scurti din bumbac organic,100-1K,RIDICATA,Ghid material + produs,NU - unghi editorial distinct,Pantaloni Scurti Barbati
328,Pantaloni scurti din poliester: cand merita ales,pantaloni scurti din poliester,100-1K,RIDICATA,Ghid material + produs,NU - unghi editorial distinct,Pantaloni Scurti Barbati
329,Pantaloni scurti din elastan: cand merita ales,pantaloni scurti din elastan,10-100,RIDICATA,Ghid material + produs,NU - unghi editorial distinct,Pantaloni Scurti Barbati
330,Pantaloni scurti din in: cand merita ales,pantaloni scurti din in,10-100,RIDICATA,Ghid material + produs,NU - unghi editorial distinct,Pantaloni Scurti Barbati
331,Pantaloni scurti din vascoza: cand merita ales,pantaloni scurti din vascoza,10-100,RIDICATA,Ghid material + produs,NU - unghi editorial distinct,Pantaloni Scurti Barbati
332,Pantaloni scurti din modal: cand merita ales,pantaloni scurti din modal,10-100,RIDICATA,Ghid material + produs,NU - unghi editorial distinct,Pantaloni Scurti Barbati
333,Pantaloni scurti din lyocell: cand merita ales,pantaloni scurti din lyocell,10-100,RIDICATA,Ghid material + produs,NU - unghi editorial distinct,Pantaloni Scurti Barbati
334,Pantaloni scurti din denim: cand merita ales,pantaloni scurti din denim,10-100,RIDICATA,Ghid material + produs,NU - unghi editorial distinct,Pantaloni Scurti Barbati
335,Pantaloni scurti din jersey: cand merita ales,pantaloni scurti din jersey,10-100,RIDICATA,Ghid material + produs,NU - unghi editorial distinct,Pantaloni Scurti Barbati
336,Pantaloni scurti din french terry: cand merita ales,pantaloni scurti din french terry,10-100,RIDICATA,Ghid material + produs,NU - unghi editorial distinct,Pantaloni Scurti Barbati
337,Pantaloni scurti din fleece: cand merita ales,pantaloni scurti din fleece,10-100,RIDICATA,Ghid material + produs,NU - unghi editorial distinct,Pantaloni Scurti Barbati
338,Pantaloni scurti din tricot: cand merita ales,pantaloni scurti din tricot,10-100,RIDICATA,Ghid material + produs,NU - unghi editorial distinct,Pantaloni Scurti Barbati
339,Pantaloni scurti din twill: cand merita ales,pantaloni scurti din twill,10-100,RIDICATA,Ghid material + produs,NU - unghi editorial distinct,Pantaloni Scurti Barbati
340,Pantaloni scurti din poplin: cand merita ales,pantaloni scurti din poplin,10-100,RIDICATA,Ghid material + produs,NU - unghi editorial distinct,Pantaloni Scurti Barbati
341,Pantaloni scurti din pique: cand merita ales,pantaloni scurti din pique,10-100,RIDICATA,Ghid material + produs,NU - unghi editorial distinct,Pantaloni Scurti Barbati
342,Pantaloni scurti din mesh: cand merita ales,pantaloni scurti din mesh,10-100,RIDICATA,Ghid material + produs,NU - unghi editorial distinct,Pantaloni Scurti Barbati
343,Pantaloni scurti din ripstop: cand merita ales,pantaloni scurti din ripstop,10-100,RIDICATA,Ghid material + produs,NU - unghi editorial distinct,Pantaloni Scurti Barbati
344,Pantaloni scurti din nailon: cand merita ales,pantaloni scurti din nailon,10-100,RIDICATA,Ghid material + produs,NU - unghi editorial distinct,Pantaloni Scurti Barbati
345,Pantaloni scurti din poliamida: cand merita ales,pantaloni scurti din poliamida,10-100,RIDICATA,Ghid material + produs,NU - unghi editorial distinct,Pantaloni Scurti Barbati
346,Pantaloni scurti din lana: cand merita ales,pantaloni scurti din lana,10-100,RIDICATA,Ghid material + produs,NU - unghi editorial distinct,Pantaloni Scurti Barbati
347,Pantaloni scurti din acril: cand merita ales,pantaloni scurti din acril,10-100,RIDICATA,Ghid material + produs,NU - unghi editorial distinct,Pantaloni Scurti Barbati
348,Pantaloni scurti din bumbac reciclat: cand merita ales,pantaloni scurti din bumbac reciclat,100-1K,RIDICATA,Ghid material + produs,NU - unghi editorial distinct,Pantaloni Scurti Barbati
349,Pantaloni scurti din poliester reciclat: cand merita ales,pantaloni scurti din poliester reciclat,100-1K,RIDICATA,Ghid material + produs,NU - unghi editorial distinct,Pantaloni Scurti Barbati
350,Pantaloni scurti din canepa: cand merita ales,pantaloni scurti din canepa,10-100,RIDICATA,Ghid material + produs,NU - unghi editorial distinct,Pantaloni Scurti Barbati
351,Pantaloni cargo din bumbac: cand merita ales,pantaloni cargo din bumbac,100-1K,RIDICATA,Ghid material + produs,NU - unghi editorial distinct,Pantaloni Barbati
352,Pantaloni cargo din bumbac organic: cand merita ales,pantaloni cargo din bumbac organic,100-1K,RIDICATA,Ghid material + produs,NU - unghi editorial distinct,Pantaloni Barbati
353,Pantaloni cargo din poliester: cand merita ales,pantaloni cargo din poliester,100-1K,RIDICATA,Ghid material + produs,NU - unghi editorial distinct,Pantaloni Barbati
354,Pantaloni cargo din elastan: cand merita ales,pantaloni cargo din elastan,10-100,LONG-TAIL,Ghid material + produs,NU - unghi editorial distinct,Pantaloni Barbati
355,Pantaloni cargo din in: cand merita ales,pantaloni cargo din in,10-100,LONG-TAIL,Ghid material + produs,NU - unghi editorial distinct,Pantaloni Barbati
356,Pantaloni cargo din vascoza: cand merita ales,pantaloni cargo din vascoza,10-100,LONG-TAIL,Ghid material + produs,NU - unghi editorial distinct,Pantaloni Barbati
357,Pantaloni cargo din modal: cand merita ales,pantaloni cargo din modal,10-100,LONG-TAIL,Ghid material + produs,NU - unghi editorial distinct,Pantaloni Barbati
358,Pantaloni cargo din lyocell: cand merita ales,pantaloni cargo din lyocell,10-100,LONG-TAIL,Ghid material + produs,NU - unghi editorial distinct,Pantaloni Barbati
359,Pantaloni cargo din denim: cand merita ales,pantaloni cargo din denim,10-100,LONG-TAIL,Ghid material + produs,NU - unghi editorial distinct,Pantaloni Barbati
360,Pantaloni cargo din jersey: cand merita ales,pantaloni cargo din jersey,10-100,LONG-TAIL,Ghid material + produs,NU - unghi editorial distinct,Pantaloni Barbati
361,Pantaloni cargo din french terry: cand merita ales,pantaloni cargo din french terry,10-100,LONG-TAIL,Ghid material + produs,NU - unghi editorial distinct,Pantaloni Barbati
362,Pantaloni cargo din fleece: cand merita ales,pantaloni cargo din fleece,10-100,LONG-TAIL,Ghid material + produs,NU - unghi editorial distinct,Pantaloni Barbati
363,Pantaloni cargo din tricot: cand merita ales,pantaloni cargo din tricot,10-100,LONG-TAIL,Ghid material + produs,NU - unghi editorial distinct,Pantaloni Barbati
364,Pantaloni cargo din twill: cand merita ales,pantaloni cargo din twill,10-100,LONG-TAIL,Ghid material + produs,NU - unghi editorial distinct,Pantaloni Barbati
365,Pantaloni cargo din poplin: cand merita ales,pantaloni cargo din poplin,10-100,LONG-TAIL,Ghid material + produs,NU - unghi editorial distinct,Pantaloni Barbati
366,Pantaloni cargo din pique: cand merita ales,pantaloni cargo din pique,10-100,LONG-TAIL,Ghid material + produs,NU - unghi editorial distinct,Pantaloni Barbati
367,Pantaloni cargo din mesh: cand merita ales,pantaloni cargo din mesh,10-100,LONG-TAIL,Ghid material + produs,NU - unghi editorial distinct,Pantaloni Barbati
368,Pantaloni cargo din ripstop: cand merita ales,pantaloni cargo din ripstop,10-100,LONG-TAIL,Ghid material + produs,NU - unghi editorial distinct,Pantaloni Barbati
369,Pantaloni cargo din nailon: cand merita ales,pantaloni cargo din nailon,10-100,LONG-TAIL,Ghid material + produs,NU - unghi editorial distinct,Pantaloni Barbati
370,Pantaloni cargo din poliamida: cand merita ales,pantaloni cargo din poliamida,10-100,LONG-TAIL,Ghid material + produs,NU - unghi editorial distinct,Pantaloni Barbati
371,Pantaloni cargo din lana: cand merita ales,pantaloni cargo din lana,10-100,LONG-TAIL,Ghid material + produs,NU - unghi editorial distinct,Pantaloni Barbati
372,Pantaloni cargo din acril: cand merita ales,pantaloni cargo din acril,10-100,LONG-TAIL,Ghid material + produs,NU - unghi editorial distinct,Pantaloni Barbati
373,Pantaloni cargo din bumbac reciclat: cand merita ales,pantaloni cargo din bumbac reciclat,100-1K,RIDICATA,Ghid material + produs,NU - unghi editorial distinct,Pantaloni Barbati
374,Pantaloni cargo din poliester reciclat: cand merita ales,pantaloni cargo din poliester reciclat,100-1K,RIDICATA,Ghid material + produs,NU - unghi editorial distinct,Pantaloni Barbati
375,Pantaloni cargo din canepa: cand merita ales,pantaloni cargo din canepa,10-100,LONG-TAIL,Ghid material + produs,NU - unghi editorial distinct,Pantaloni Barbati
376,Pantaloni jogger din bumbac: cand merita ales,pantaloni jogger din bumbac,100-1K,RIDICATA,Ghid material + produs,NU - unghi editorial distinct,Pantaloni Barbati
377,Pantaloni jogger din bumbac organic: cand merita ales,pantaloni jogger din bumbac organic,100-1K,RIDICATA,Ghid material + produs,NU - unghi editorial distinct,Pantaloni Barbati
378,Pantaloni jogger din poliester: cand merita ales,pantaloni jogger din poliester,100-1K,RIDICATA,Ghid material + produs,NU - unghi editorial distinct,Pantaloni Barbati
379,Pantaloni jogger din elastan: cand merita ales,pantaloni jogger din elastan,10-100,LONG-TAIL,Ghid material + produs,NU - unghi editorial distinct,Pantaloni Barbati
380,Pantaloni jogger din in: cand merita ales,pantaloni jogger din in,10-100,LONG-TAIL,Ghid material + produs,NU - unghi editorial distinct,Pantaloni Barbati
381,Pantaloni jogger din vascoza: cand merita ales,pantaloni jogger din vascoza,10-100,LONG-TAIL,Ghid material + produs,NU - unghi editorial distinct,Pantaloni Barbati
382,Pantaloni jogger din modal: cand merita ales,pantaloni jogger din modal,10-100,LONG-TAIL,Ghid material + produs,NU - unghi editorial distinct,Pantaloni Barbati
383,Pantaloni jogger din lyocell: cand merita ales,pantaloni jogger din lyocell,10-100,LONG-TAIL,Ghid material + produs,NU - unghi editorial distinct,Pantaloni Barbati
384,Pantaloni jogger din denim: cand merita ales,pantaloni jogger din denim,10-100,LONG-TAIL,Ghid material + produs,NU - unghi editorial distinct,Pantaloni Barbati
385,Pantaloni jogger din jersey: cand merita ales,pantaloni jogger din jersey,10-100,LONG-TAIL,Ghid material + produs,NU - unghi editorial distinct,Pantaloni Barbati
386,Pantaloni jogger din french terry: cand merita ales,pantaloni jogger din french terry,10-100,LONG-TAIL,Ghid material + produs,NU - unghi editorial distinct,Pantaloni Barbati
387,Pantaloni jogger din fleece: cand merita ales,pantaloni jogger din fleece,10-100,LONG-TAIL,Ghid material + produs,NU - unghi editorial distinct,Pantaloni Barbati
388,Pantaloni jogger din tricot: cand merita ales,pantaloni jogger din tricot,10-100,LONG-TAIL,Ghid material + produs,NU - unghi editorial distinct,Pantaloni Barbati
389,Pantaloni jogger din twill: cand merita ales,pantaloni jogger din twill,10-100,LONG-TAIL,Ghid material + produs,NU - unghi editorial distinct,Pantaloni Barbati
390,Pantaloni jogger din poplin: cand merita ales,pantaloni jogger din poplin,10-100,LONG-TAIL,Ghid material + produs,NU - unghi editorial distinct,Pantaloni Barbati
391,Pantaloni jogger din pique: cand merita ales,pantaloni jogger din pique,10-100,LONG-TAIL,Ghid material + produs,NU - unghi editorial distinct,Pantaloni Barbati
392,Pantaloni jogger din mesh: cand merita ales,pantaloni jogger din mesh,10-100,LONG-TAIL,Ghid material + produs,NU - unghi editorial distinct,Pantaloni Barbati
393,Pantaloni jogger din ripstop: cand merita ales,pantaloni jogger din ripstop,10-100,LONG-TAIL,Ghid material + produs,NU - unghi editorial distinct,Pantaloni Barbati
394,Pantaloni jogger din nailon: cand merita ales,pantaloni jogger din nailon,10-100,LONG-TAIL,Ghid material + produs,NU - unghi editorial distinct,Pantaloni Barbati
395,Pantaloni jogger din poliamida: cand merita ales,pantaloni jogger din poliamida,10-100,LONG-TAIL,Ghid material + produs,NU - unghi editorial distinct,Pantaloni Barbati
396,Pantaloni jogger din lana: cand merita ales,pantaloni jogger din lana,10-100,LONG-TAIL,Ghid material + produs,NU - unghi editorial distinct,Pantaloni Barbati
397,Pantaloni jogger din acril: cand merita ales,pantaloni jogger din acril,10-100,LONG-TAIL,Ghid material + produs,NU - unghi editorial distinct,Pantaloni Barbati
398,Pantaloni jogger din bumbac reciclat: cand merita ales,pantaloni jogger din bumbac reciclat,100-1K,RIDICATA,Ghid material + produs,NU - unghi editorial distinct,Pantaloni Barbati
399,Pantaloni jogger din poliester reciclat: cand merita ales,pantaloni jogger din poliester reciclat,100-1K,RIDICATA,Ghid material + produs,NU - unghi editorial distinct,Pantaloni Barbati
400,Pantaloni jogger din canepa: cand merita ales,pantaloni jogger din canepa,10-100,LONG-TAIL,Ghid material + produs,NU - unghi editorial distinct,Pantaloni Barbati
401,Hanorac din bumbac: cand merita ales,hanorac din bumbac,100-1K,RIDICATA,Ghid material + produs,NU - unghi editorial distinct,Hanorace Barbati
402,Hanorac din bumbac organic: cand merita ales,hanorac din bumbac organic,100-1K,RIDICATA,Ghid material + produs,NU - unghi editorial distinct,Hanorace Barbati
403,Hanorac din poliester: cand merita ales,hanorac din poliester,100-1K,RIDICATA,Ghid material + produs,NU - unghi editorial distinct,Hanorace Barbati
404,Hanorac din elastan: cand merita ales,hanorac din elastan,10-100,LONG-TAIL,Ghid material + produs,NU - unghi editorial distinct,Hanorace Barbati
405,Hanorac din in: cand merita ales,hanorac din in,10-100,LONG-TAIL,Ghid material + produs,NU - unghi editorial distinct,Hanorace Barbati
406,Hanorac din vascoza: cand merita ales,hanorac din vascoza,10-100,LONG-TAIL,Ghid material + produs,NU - unghi editorial distinct,Hanorace Barbati
407,Hanorac din modal: cand merita ales,hanorac din modal,10-100,LONG-TAIL,Ghid material + produs,NU - unghi editorial distinct,Hanorace Barbati
408,Hanorac din lyocell: cand merita ales,hanorac din lyocell,10-100,LONG-TAIL,Ghid material + produs,NU - unghi editorial distinct,Hanorace Barbati
409,Hanorac din denim: cand merita ales,hanorac din denim,10-100,LONG-TAIL,Ghid material + produs,NU - unghi editorial distinct,Hanorace Barbati
410,Hanorac din jersey: cand merita ales,hanorac din jersey,10-100,LONG-TAIL,Ghid material + produs,NU - unghi editorial distinct,Hanorace Barbati
411,Hanorac din french terry: cand merita ales,hanorac din french terry,10-100,LONG-TAIL,Ghid material + produs,NU - unghi editorial distinct,Hanorace Barbati
412,Hanorac din fleece: cand merita ales,hanorac din fleece,10-100,LONG-TAIL,Ghid material + produs,NU - unghi editorial distinct,Hanorace Barbati
413,Hanorac din tricot: cand merita ales,hanorac din tricot,10-100,LONG-TAIL,Ghid material + produs,NU - unghi editorial distinct,Hanorace Barbati
414,Hanorac din twill: cand merita ales,hanorac din twill,10-100,LONG-TAIL,Ghid material + produs,NU - unghi editorial distinct,Hanorace Barbati
415,Hanorac din poplin: cand merita ales,hanorac din poplin,10-100,LONG-TAIL,Ghid material + produs,NU - unghi editorial distinct,Hanorace Barbati
416,Hanorac din pique: cand merita ales,hanorac din pique,10-100,LONG-TAIL,Ghid material + produs,NU - unghi editorial distinct,Hanorace Barbati
417,Hanorac din mesh: cand merita ales,hanorac din mesh,10-100,LONG-TAIL,Ghid material + produs,NU - unghi editorial distinct,Hanorace Barbati
418,Hanorac din ripstop: cand merita ales,hanorac din ripstop,10-100,LONG-TAIL,Ghid material + produs,NU - unghi editorial distinct,Hanorace Barbati
419,Hanorac din nailon: cand merita ales,hanorac din nailon,10-100,LONG-TAIL,Ghid material + produs,NU - unghi editorial distinct,Hanorace Barbati
420,Hanorac din poliamida: cand merita ales,hanorac din poliamida,10-100,LONG-TAIL,Ghid material + produs,NU - unghi editorial distinct,Hanorace Barbati
421,Hanorac din lana: cand merita ales,hanorac din lana,10-100,LONG-TAIL,Ghid material + produs,NU - unghi editorial distinct,Hanorace Barbati
422,Hanorac din acril: cand merita ales,hanorac din acril,10-100,LONG-TAIL,Ghid material + produs,NU - unghi editorial distinct,Hanorace Barbati
423,Hanorac din bumbac reciclat: cand merita ales,hanorac din bumbac reciclat,100-1K,RIDICATA,Ghid material + produs,NU - unghi editorial distinct,Hanorace Barbati
424,Hanorac din poliester reciclat: cand merita ales,hanorac din poliester reciclat,100-1K,RIDICATA,Ghid material + produs,NU - unghi editorial distinct,Hanorace Barbati
425,Hanorac din canepa: cand merita ales,hanorac din canepa,10-100,LONG-TAIL,Ghid material + produs,NU - unghi editorial distinct,Hanorace Barbati
426,Set barbati din bumbac: cand merita ales,set barbati din bumbac,100-1K,RIDICATA,Ghid material + produs,NU - unghi editorial distinct,Seturi Barbati
427,Set barbati din bumbac organic: cand merita ales,set barbati din bumbac organic,100-1K,RIDICATA,Ghid material + produs,NU - unghi editorial distinct,Seturi Barbati
428,Set barbati din poliester: cand merita ales,set barbati din poliester,100-1K,RIDICATA,Ghid material + produs,NU - unghi editorial distinct,Seturi Barbati
429,Set barbati din elastan: cand merita ales,set barbati din elastan,10-100,LONG-TAIL,Ghid material + produs,NU - unghi editorial distinct,Seturi Barbati
430,Set barbati din in: cand merita ales,set barbati din in,10-100,LONG-TAIL,Ghid material + produs,NU - unghi editorial distinct,Seturi Barbati
431,Set barbati din vascoza: cand merita ales,set barbati din vascoza,10-100,LONG-TAIL,Ghid material + produs,NU - unghi editorial distinct,Seturi Barbati
432,Set barbati din modal: cand merita ales,set barbati din modal,10-100,LONG-TAIL,Ghid material + produs,NU - unghi editorial distinct,Seturi Barbati
433,Set barbati din lyocell: cand merita ales,set barbati din lyocell,10-100,LONG-TAIL,Ghid material + produs,NU - unghi editorial distinct,Seturi Barbati
434,Set barbati din denim: cand merita ales,set barbati din denim,10-100,LONG-TAIL,Ghid material + produs,NU - unghi editorial distinct,Seturi Barbati
435,Set barbati din jersey: cand merita ales,set barbati din jersey,10-100,LONG-TAIL,Ghid material + produs,NU - unghi editorial distinct,Seturi Barbati
436,Set barbati din french terry: cand merita ales,set barbati din french terry,10-100,LONG-TAIL,Ghid material + produs,NU - unghi editorial distinct,Seturi Barbati
437,Set barbati din fleece: cand merita ales,set barbati din fleece,10-100,LONG-TAIL,Ghid material + produs,NU - unghi editorial distinct,Seturi Barbati
438,Set barbati din tricot: cand merita ales,set barbati din tricot,10-100,LONG-TAIL,Ghid material + produs,NU - unghi editorial distinct,Seturi Barbati
439,Set barbati din twill: cand merita ales,set barbati din twill,10-100,LONG-TAIL,Ghid material + produs,NU - unghi editorial distinct,Seturi Barbati
440,Set barbati din poplin: cand merita ales,set barbati din poplin,10-100,LONG-TAIL,Ghid material + produs,NU - unghi editorial distinct,Seturi Barbati
441,Set barbati din pique: cand merita ales,set barbati din pique,10-100,LONG-TAIL,Ghid material + produs,NU - unghi editorial distinct,Seturi Barbati
442,Set barbati din mesh: cand merita ales,set barbati din mesh,10-100,LONG-TAIL,Ghid material + produs,NU - unghi editorial distinct,Seturi Barbati
443,Set barbati din ripstop: cand merita ales,set barbati din ripstop,10-100,LONG-TAIL,Ghid material + produs,NU - unghi editorial distinct,Seturi Barbati
444,Set barbati din nailon: cand merita ales,set barbati din nailon,10-100,LONG-TAIL,Ghid material + produs,NU - unghi editorial distinct,Seturi Barbati
445,Set barbati din poliamida: cand merita ales,set barbati din poliamida,10-100,LONG-TAIL,Ghid material + produs,NU - unghi editorial distinct,Seturi Barbati
446,Set barbati din lana: cand merita ales,set barbati din lana,10-100,LONG-TAIL,Ghid material + produs,NU - unghi editorial distinct,Seturi Barbati
447,Set barbati din acril: cand merita ales,set barbati din acril,10-100,LONG-TAIL,Ghid material + produs,NU - unghi editorial distinct,Seturi Barbati
448,Set barbati din bumbac reciclat: cand merita ales,set barbati din bumbac reciclat,100-1K,RIDICATA,Ghid material + produs,NU - unghi editorial distinct,Seturi Barbati
449,Set barbati din poliester reciclat: cand merita ales,set barbati din poliester reciclat,100-1K,RIDICATA,Ghid material + produs,NU - unghi editorial distinct,Seturi Barbati
450,Set barbati din canepa: cand merita ales,set barbati din canepa,10-100,LONG-TAIL,Ghid material + produs,NU - unghi editorial distinct,Seturi Barbati
451,bumbac vs poliester: diferente reale pentru haine casual,bumbac vs poliester,100-1K,RIDICATA,Comparativ,NU - comparativ dedicat,Toate categoriile
452,Cand alegi bumbac si cand alegi poliester in garderoba,cand alegi bumbac sau poliester,100-1K,RIDICATA,Ghid decizie,NU - unghi editorial distinct,Toate categoriile
453,bumbac organic vs bumbac clasic: diferente reale pentru haine casual,bumbac organic vs bumbac clasic,100-1K,RIDICATA,Comparativ,NU - comparativ dedicat,Toate categoriile
454,Cand alegi bumbac organic si cand alegi bumbac clasic in garderoba,cand alegi bumbac organic sau bumbac clasic,100-1K,RIDICATA,Ghid decizie,NU - unghi editorial distinct,Toate categoriile
455,french terry vs fleece: diferente reale pentru haine casual,french terry vs fleece,10-100,LONG-TAIL,Comparativ,NU - comparativ dedicat,Toate categoriile
456,Cand alegi french terry si cand alegi fleece in garderoba,cand alegi french terry sau fleece,10-100,LONG-TAIL,Ghid decizie,NU - unghi editorial distinct,Toate categoriile
457,jersey vs pique: diferente reale pentru haine casual,jersey vs pique,10-100,LONG-TAIL,Comparativ,NU - comparativ dedicat,Toate categoriile
458,Cand alegi jersey si cand alegi pique in garderoba,cand alegi jersey sau pique,10-100,LONG-TAIL,Ghid decizie,NU - unghi editorial distinct,Toate categoriile
459,in vs bumbac: diferente reale pentru haine casual,in vs bumbac,100-1K,RIDICATA,Comparativ,NU - comparativ dedicat,Toate categoriile
460,Cand alegi in si cand alegi bumbac in garderoba,cand alegi in sau bumbac,100-1K,RIDICATA,Ghid decizie,NU - unghi editorial distinct,Toate categoriile
461,denim vs twill: diferente reale pentru haine casual,denim vs twill,10-100,LONG-TAIL,Comparativ,NU - comparativ dedicat,Toate categoriile
462,Cand alegi denim si cand alegi twill in garderoba,cand alegi denim sau twill,10-100,LONG-TAIL,Ghid decizie,NU - unghi editorial distinct,Toate categoriile
463,vascoza vs bumbac: diferente reale pentru haine casual,vascoza vs bumbac,100-1K,RIDICATA,Comparativ,NU - comparativ dedicat,Toate categoriile
464,Cand alegi vascoza si cand alegi bumbac in garderoba,cand alegi vascoza sau bumbac,100-1K,RIDICATA,Ghid decizie,NU - unghi editorial distinct,Toate categoriile
465,modal vs bumbac: diferente reale pentru haine casual,modal vs bumbac,100-1K,RIDICATA,Comparativ,NU - comparativ dedicat,Toate categoriile
466,Cand alegi modal si cand alegi bumbac in garderoba,cand alegi modal sau bumbac,100-1K,RIDICATA,Ghid decizie,NU - unghi editorial distinct,Toate categoriile
467,nailon vs poliester: diferente reale pentru haine casual,nailon vs poliester,100-1K,RIDICATA,Comparativ,NU - comparativ dedicat,Toate categoriile
468,Cand alegi nailon si cand alegi poliester in garderoba,cand alegi nailon sau poliester,100-1K,RIDICATA,Ghid decizie,NU - unghi editorial distinct,Toate categoriile
469,poliester reciclat vs poliester clasic: diferente reale pentru haine casual,poliester reciclat vs poliester clasic,100-1K,RIDICATA,Comparativ,NU - comparativ dedicat,Toate categoriile
470,Cand alegi poliester reciclat si cand alegi poliester clasic in garderoba,cand alegi poliester reciclat sau poliester clasic,100-1K,RIDICATA,Ghid decizie,NU - unghi editorial distinct,Toate categoriile
471,slim fit vs regular fit: diferente reale pentru haine casual,slim fit vs regular fit,100-1K,LONG-TAIL,Comparativ,NU - comparativ dedicat,Toate categoriile
472,Cand alegi slim fit si cand alegi regular fit in garderoba,cand alegi slim fit sau regular fit,100-1K,LONG-TAIL,Ghid decizie,NU - unghi editorial distinct,Toate categoriile
473,regular fit vs oversized: diferente reale pentru haine casual,regular fit vs oversized,100-1K,LONG-TAIL,Comparativ,NU - comparativ dedicat,Toate categoriile
474,Cand alegi regular fit si cand alegi oversized in garderoba,cand alegi regular fit sau oversized,100-1K,LONG-TAIL,Ghid decizie,NU - unghi editorial distinct,Toate categoriile
475,baggy vs straight fit: diferente reale pentru haine casual,baggy vs straight fit,10-100,LONG-TAIL,Comparativ,NU - comparativ dedicat,Toate categoriile
476,Cand alegi baggy si cand alegi straight fit in garderoba,cand alegi baggy sau straight fit,10-100,LONG-TAIL,Ghid decizie,NU - unghi editorial distinct,Toate categoriile
477,jogger vs pantaloni casual: diferente reale pentru haine casual,jogger vs pantaloni casual,10-100,LONG-TAIL,Comparativ,NU - comparativ dedicat,Toate categoriile
478,Cand alegi jogger si cand alegi pantaloni casual in garderoba,cand alegi jogger sau pantaloni casual,10-100,LONG-TAIL,Ghid decizie,NU - unghi editorial distinct,Toate categoriile
479,cargo vs pantaloni simpli: diferente reale pentru haine casual,cargo vs pantaloni simpli,10-100,LONG-TAIL,Comparativ,NU - comparativ dedicat,Toate categoriile
480,Cand alegi cargo si cand alegi pantaloni simpli in garderoba,cand alegi cargo sau pantaloni simpli,10-100,LONG-TAIL,Ghid decizie,NU - unghi editorial distinct,Toate categoriile
481,bermude vs pantaloni scurti clasici: diferente reale pentru haine casual,bermude vs pantaloni scurti clasici,10-100,RIDICATA,Comparativ,NU - comparativ dedicat,Toate categoriile
482,Cand alegi bermude si cand alegi pantaloni scurti clasici in garderoba,cand alegi bermude sau pantaloni scurti clasici,10-100,RIDICATA,Ghid decizie,NU - unghi editorial distinct,Toate categoriile
483,Ce inseamna regular fit la haine si cum alegi marimea,ce inseamna regular fit,100-1K,LONG-TAIL,Definitie + marimi,NU - intent definitie,Toate categoriile
484,regular fit pentru barbati: cum il porti fara sa dezechilibrezi tinuta,regular fit barbati,100-1K,LONG-TAIL,Ghid styling,NU - unghi editorial distinct,Toate categoriile
485,Pantaloni regular fit: cui se potrivesc si cum ii asortezi,pantaloni regular fit,100-1K,LONG-TAIL,Ghid produs,NU - unghi editorial distinct,Pantaloni Barbati
486,Tricou regular fit: reguli simple de proportie si confort,tricou regular fit,100-1K,RIDICATA,Ghid produs,NU - unghi editorial distinct,Tricouri Barbati
487,Ce inseamna slim fit la haine si cum alegi marimea,ce inseamna slim fit,100-1K,LONG-TAIL,Definitie + marimi,NU - intent definitie,Toate categoriile
488,slim fit pentru barbati: cum il porti fara sa dezechilibrezi tinuta,slim fit barbati,100-1K,LONG-TAIL,Ghid styling,NU - unghi editorial distinct,Toate categoriile
489,Pantaloni slim fit: cui se potrivesc si cum ii asortezi,pantaloni slim fit,100-1K,LONG-TAIL,Ghid produs,NU - unghi editorial distinct,Pantaloni Barbati
490,Tricou slim fit: reguli simple de proportie si confort,tricou slim fit,100-1K,RIDICATA,Ghid produs,NU - unghi editorial distinct,Tricouri Barbati
491,Ce inseamna oversized la haine si cum alegi marimea,ce inseamna oversized,100-1K,LONG-TAIL,Definitie + marimi,NU - intent definitie,Toate categoriile
492,oversized pentru barbati: cum il porti fara sa dezechilibrezi tinuta,oversized barbati,100-1K,LONG-TAIL,Ghid styling,NU - unghi editorial distinct,Toate categoriile
493,Pantaloni oversized: cui se potrivesc si cum ii asortezi,pantaloni oversized,100-1K,LONG-TAIL,Ghid produs,NU - unghi editorial distinct,Pantaloni Barbati
494,Tricou oversized: reguli simple de proportie si confort,tricou oversized,100-1K,RIDICATA,Ghid produs,NU - unghi editorial distinct,Tricouri Barbati
495,Ce inseamna relaxed fit la haine si cum alegi marimea,ce inseamna relaxed fit,10-100,LONG-TAIL,Definitie + marimi,NU - intent definitie,Toate categoriile
496,relaxed fit pentru barbati: cum il porti fara sa dezechilibrezi tinuta,relaxed fit barbati,10-100,LONG-TAIL,Ghid styling,NU - unghi editorial distinct,Toate categoriile
497,Pantaloni relaxed fit: cui se potrivesc si cum ii asortezi,pantaloni relaxed fit,10-100,LONG-TAIL,Ghid produs,NU - unghi editorial distinct,Pantaloni Barbati
498,Tricou relaxed fit: reguli simple de proportie si confort,tricou relaxed fit,10-100,RIDICATA,Ghid produs,NU - unghi editorial distinct,Tricouri Barbati
499,Ce inseamna baggy la haine si cum alegi marimea,ce inseamna baggy,10-100,LONG-TAIL,Definitie + marimi,NU - intent definitie,Toate categoriile
500,baggy pentru barbati: cum il porti fara sa dezechilibrezi tinuta,baggy barbati,10-100,LONG-TAIL,Ghid styling,NU - unghi editorial distinct,Toate categoriile
501,Pantaloni baggy: cui se potrivesc si cum ii asortezi,pantaloni baggy,10-100,LONG-TAIL,Ghid produs,NU - unghi editorial distinct,Pantaloni Barbati
502,Tricou baggy: reguli simple de proportie si confort,tricou baggy,10-100,RIDICATA,Ghid produs,NU - unghi editorial distinct,Tricouri Barbati
503,Ce inseamna straight fit la haine si cum alegi marimea,ce inseamna straight fit,10-100,LONG-TAIL,Definitie + marimi,NU - intent definitie,Toate categoriile
504,straight fit pentru barbati: cum il porti fara sa dezechilibrezi tinuta,straight fit barbati,10-100,LONG-TAIL,Ghid styling,NU - unghi editorial distinct,Toate categoriile
505,Pantaloni straight fit: cui se potrivesc si cum ii asortezi,pantaloni straight fit,10-100,LONG-TAIL,Ghid produs,NU - unghi editorial distinct,Pantaloni Barbati
506,Tricou straight fit: reguli simple de proportie si confort,tricou straight fit,10-100,RIDICATA,Ghid produs,NU - unghi editorial distinct,Tricouri Barbati
507,Ce inseamna tapered fit la haine si cum alegi marimea,ce inseamna tapered fit,10-100,LONG-TAIL,Definitie + marimi,NU - intent definitie,Toate categoriile
508,tapered fit pentru barbati: cum il porti fara sa dezechilibrezi tinuta,tapered fit barbati,10-100,LONG-TAIL,Ghid styling,NU - unghi editorial distinct,Toate categoriile
509,Pantaloni tapered fit: cui se potrivesc si cum ii asortezi,pantaloni tapered fit,10-100,LONG-TAIL,Ghid produs,NU - unghi editorial distinct,Pantaloni Barbati
510,Tricou tapered fit: reguli simple de proportie si confort,tricou tapered fit,10-100,RIDICATA,Ghid produs,NU - unghi editorial distinct,Tricouri Barbati
511,Ce inseamna cargo la haine si cum alegi marimea,ce inseamna cargo,10-100,LONG-TAIL,Definitie + marimi,NU - intent definitie,Toate categoriile
512,cargo pentru barbati: cum il porti fara sa dezechilibrezi tinuta,cargo barbati,10-100,LONG-TAIL,Ghid styling,NU - unghi editorial distinct,Toate categoriile
513,Pantaloni cargo: cui se potrivesc si cum ii asortezi,pantaloni cargo,10-100,LONG-TAIL,Ghid produs,NU - unghi editorial distinct,Pantaloni Barbati
514,Tricou cargo: reguli simple de proportie si confort,tricou cargo,10-100,RIDICATA,Ghid produs,NU - unghi editorial distinct,Tricouri Barbati
515,Ce inseamna jogger la haine si cum alegi marimea,ce inseamna jogger,10-100,LONG-TAIL,Definitie + marimi,NU - intent definitie,Toate categoriile
516,jogger pentru barbati: cum il porti fara sa dezechilibrezi tinuta,jogger barbati,10-100,LONG-TAIL,Ghid styling,NU - unghi editorial distinct,Toate categoriile
517,Pantaloni jogger: cui se potrivesc si cum ii asortezi,pantaloni jogger,10-100,LONG-TAIL,Ghid produs,NU - unghi editorial distinct,Pantaloni Barbati
518,Tricou jogger: reguli simple de proportie si confort,tricou jogger,10-100,RIDICATA,Ghid produs,NU - unghi editorial distinct,Tricouri Barbati
519,Ce inseamna bermude la haine si cum alegi marimea,ce inseamna bermude,10-100,LONG-TAIL,Definitie + marimi,NU - intent definitie,Toate categoriile
520,bermude pentru barbati: cum il porti fara sa dezechilibrezi tinuta,bermude barbati,10-100,LONG-TAIL,Ghid styling,NU - unghi editorial distinct,Toate categoriile
521,Pantaloni bermude: cui se potrivesc si cum ii asortezi,pantaloni bermude,10-100,LONG-TAIL,Ghid produs,NU - unghi editorial distinct,Pantaloni Barbati
522,Tricou bermude: reguli simple de proportie si confort,tricou bermude,10-100,RIDICATA,Ghid produs,NU - unghi editorial distinct,Tricouri Barbati
523,Ce inseamna croiala dreapta la haine si cum alegi marimea,ce inseamna croiala dreapta,10-100,LONG-TAIL,Definitie + marimi,NU - intent definitie,Toate categoriile
524,croiala dreapta pentru barbati: cum il porti fara sa dezechilibrezi tinuta,croiala dreapta barbati,10-100,LONG-TAIL,Ghid styling,NU - unghi editorial distinct,Toate categoriile
525,Pantaloni croiala dreapta: cui se potrivesc si cum ii asortezi,pantaloni croiala dreapta,10-100,LONG-TAIL,Ghid produs,NU - unghi editorial distinct,Pantaloni Barbati
526,Tricou croiala dreapta: reguli simple de proportie si confort,tricou croiala dreapta,10-100,RIDICATA,Ghid produs,NU - unghi editorial distinct,Tricouri Barbati
527,Ce inseamna croiala lejera la haine si cum alegi marimea,ce inseamna croiala lejera,10-100,LONG-TAIL,Definitie + marimi,NU - intent definitie,Toate categoriile
528,croiala lejera pentru barbati: cum il porti fara sa dezechilibrezi tinuta,croiala lejera barbati,10-100,LONG-TAIL,Ghid styling,NU - unghi editorial distinct,Toate categoriile
529,Pantaloni croiala lejera: cui se potrivesc si cum ii asortezi,pantaloni croiala lejera,10-100,LONG-TAIL,Ghid produs,NU - unghi editorial distinct,Pantaloni Barbati
530,Tricou croiala lejera: reguli simple de proportie si confort,tricou croiala lejera,10-100,RIDICATA,Ghid produs,NU - unghi editorial distinct,Tricouri Barbati
531,Tricou negru barbati: cu ce pantaloni il combini,tricou negru barbati,10-100,RIDICATA,Ghid styling,NU - unghi editorial distinct,Tricouri Barbati
532,Pantaloni negru barbati: idei de tinute casual,pantaloni negru barbati,10-100,LONG-TAIL,Ghid styling,NU - unghi editorial distinct,Pantaloni Barbati
533,Hanorac negru barbati: cum il porti in tinute simple,hanorac negru barbati,10-100,LONG-TAIL,Ghid styling,NU - unghi editorial distinct,Hanorace Barbati
534,Set negru barbati: cum il faci sa arate curat si echilibrat,set negru barbati,10-100,LONG-TAIL,Inspiratie outfit,NU - unghi editorial distinct,Seturi Barbati
535,Tricou alb barbati: cu ce pantaloni il combini,tricou alb barbati,10-100,RIDICATA,Ghid styling,NU - unghi editorial distinct,Tricouri Barbati
536,Pantaloni alb barbati: idei de tinute casual,pantaloni alb barbati,10-100,LONG-TAIL,Ghid styling,NU - unghi editorial distinct,Pantaloni Barbati
537,Hanorac alb barbati: cum il porti in tinute simple,hanorac alb barbati,10-100,LONG-TAIL,Ghid styling,NU - unghi editorial distinct,Hanorace Barbati
538,Set alb barbati: cum il faci sa arate curat si echilibrat,set alb barbati,10-100,LONG-TAIL,Inspiratie outfit,NU - unghi editorial distinct,Seturi Barbati
539,Tricou gri barbati: cu ce pantaloni il combini,tricou gri barbati,10-100,RIDICATA,Ghid styling,NU - unghi editorial distinct,Tricouri Barbati
540,Pantaloni gri barbati: idei de tinute casual,pantaloni gri barbati,10-100,LONG-TAIL,Ghid styling,NU - unghi editorial distinct,Pantaloni Barbati
541,Hanorac gri barbati: cum il porti in tinute simple,hanorac gri barbati,10-100,LONG-TAIL,Ghid styling,NU - unghi editorial distinct,Hanorace Barbati
542,Set gri barbati: cum il faci sa arate curat si echilibrat,set gri barbati,10-100,LONG-TAIL,Inspiratie outfit,NU - unghi editorial distinct,Seturi Barbati
543,Tricou bej barbati: cu ce pantaloni il combini,tricou bej barbati,10-100,RIDICATA,Ghid styling,NU - unghi editorial distinct,Tricouri Barbati
544,Pantaloni bej barbati: idei de tinute casual,pantaloni bej barbati,10-100,LONG-TAIL,Ghid styling,NU - unghi editorial distinct,Pantaloni Barbati
545,Hanorac bej barbati: cum il porti in tinute simple,hanorac bej barbati,10-100,LONG-TAIL,Ghid styling,NU - unghi editorial distinct,Hanorace Barbati
546,Set bej barbati: cum il faci sa arate curat si echilibrat,set bej barbati,10-100,LONG-TAIL,Inspiratie outfit,NU - unghi editorial distinct,Seturi Barbati
547,Tricou bleumarin barbati: cu ce pantaloni il combini,tricou bleumarin barbati,10-100,RIDICATA,Ghid styling,NU - unghi editorial distinct,Tricouri Barbati
548,Pantaloni bleumarin barbati: idei de tinute casual,pantaloni bleumarin barbati,10-100,LONG-TAIL,Ghid styling,NU - unghi editorial distinct,Pantaloni Barbati
549,Hanorac bleumarin barbati: cum il porti in tinute simple,hanorac bleumarin barbati,10-100,LONG-TAIL,Ghid styling,NU - unghi editorial distinct,Hanorace Barbati
550,Set bleumarin barbati: cum il faci sa arate curat si echilibrat,set bleumarin barbati,10-100,LONG-TAIL,Inspiratie outfit,NU - unghi editorial distinct,Seturi Barbati
